name,types,image
"迪莫","光","https://patchwiki.biligame.com/images/rocom/2/2b/sw0puzl5c0n8hu49ryqk7drh1gxtblr.png"
"喵喵","草","https://patchwiki.biligame.com/images/rocom/e/ee/052k5u3hhjgn9m5hzbv2e7bzuqqg6v1.png"
"喵呜","草","https://patchwiki.biligame.com/images/rocom/f/f3/b90yd1wb94yfv670cnsnn95r7g85u58.png"
"魔力猫","草","https://patchwiki.biligame.com/images/rocom/b/b0/hco9lbeodwhu0lv8xz0qlpen2p21x2a.png"
"叶冕魔力猫","草","https://patchwiki.biligame.com/images/rocom/a/ab/3lx2tas9ervt8e7hhp8o3nhvofygd1k.png"
"火花","火","https://patchwiki.biligame.com/images/rocom/a/ad/eigi6apueibdqnrkiwio8f60ex532zw.png"
"焰火","火","https://patchwiki.biligame.com/images/rocom/7/7a/hkz5kzn39wxdnugmj5fhgdwf2u1i048.png"
"火神","火","https://patchwiki.biligame.com/images/rocom/8/84/boqwe6u97r8unsy5mzakw5zkfdbszob.png"
"烈火战神","火","https://patchwiki.biligame.com/images/rocom/a/ab/7ipufvmyuu0wz7o73cawbo3e29bn0xa.png"
"水蓝蓝","水","https://patchwiki.biligame.com/images/rocom/0/0f/mhbj8o4tgl6mnald2nbbsr4jn39auir.png"
"波波拉","水","https://patchwiki.biligame.com/images/rocom/7/7c/f1zj5q9ebkwae83kb2ytwllk77byxl3.png"
"水灵","水","https://patchwiki.biligame.com/images/rocom/2/2f/0wqphimotgpcz5rlcauthvx47atrsq0.png"
"圣水守护","水","https://patchwiki.biligame.com/images/rocom/4/43/p95uogkvpgx6fi1kltoy8xy58yztz4w.png"
"鸭吉吉（蓬松的样子）","普通","https://patchwiki.biligame.com/images/rocom/7/7e/lo66srvzxol3nxzggni3rksvstovv8s.png"
"鸭吉吉（紧实的样子）","普通","https://patchwiki.biligame.com/images/rocom/4/44/ja0pcm43axwe3sc61eaglw5r7vulji8.png"
"鸭吉吉（急急急鸭）","普通","https://patchwiki.biligame.com/images/rocom/2/2e/oixnjxbkax0stq6kums502zxe6p0dai.png"
"鸭吉吉（等一等鸭）","普通","https://patchwiki.biligame.com/images/rocom/c/cf/ruu21bpma449jcz28vyljda37ews39t.png"
"鸭吉吉（燃了鸭）","普通","https://patchwiki.biligame.com/images/rocom/f/f6/l4z4x6ebk5oywkwzp75umazfu5z12kt.png"
"鸭吉吉（起来鸭）","普通","https://patchwiki.biligame.com/images/rocom/4/4f/iopibmn3k4lkf0zvk7vxm6x8rewknd0.png"
"鸭吉吉国王（首领形态）","普通","https://patchwiki.biligame.com/images/rocom/0/0f/j7jkx8rgrp2clyw0za1ptgf51qw3292.png"
"鸭吉吉国王（蓬松的样子）","普通","https://patchwiki.biligame.com/images/rocom/0/0f/j7jkx8rgrp2clyw0za1ptgf51qw3292.png"
"鸭吉吉国王（紧实的样子）","普通","https://patchwiki.biligame.com/images/rocom/0/0f/j7jkx8rgrp2clyw0za1ptgf51qw3292.png"
"鸭吉吉国王（急急急鸭）","普通","https://patchwiki.biligame.com/images/rocom/0/0f/j7jkx8rgrp2clyw0za1ptgf51qw3292.png"
"鸭吉吉国王（等一等鸭）","普通","https://patchwiki.biligame.com/images/rocom/0/0f/j7jkx8rgrp2clyw0za1ptgf51qw3292.png"
"鸭吉吉国王（燃了鸭）","普通","https://patchwiki.biligame.com/images/rocom/0/0f/j7jkx8rgrp2clyw0za1ptgf51qw3292.png"
"鸭吉吉国王（起来鸭）","普通","https://patchwiki.biligame.com/images/rocom/0/0f/j7jkx8rgrp2clyw0za1ptgf51qw3292.png"
"板板壳","水","https://patchwiki.biligame.com/images/rocom/f/fd/tmjxdye6nimo0sd6kbz25r9angaffl5.png"
"板板壳（蜕皮时的样子）","水","https://patchwiki.biligame.com/images/rocom/c/cf/ewhr0htxvw1369z1kcehwxjr3ddm242.png"
"咔咔壳","水","https://patchwiki.biligame.com/images/rocom/4/41/4x85yk5hmmmurrdo2xc1jfeou1yoc0w.png"
"咔咔壳（蜕皮时的样子）","水","https://patchwiki.biligame.com/images/rocom/8/8a/gaegk8u1x9dccyukhogp0k0tfn2l8wo.png"
"水泡壳","水","https://patchwiki.biligame.com/images/rocom/3/30/1hajijlejjmw2valjmlx4f96svrxdwt.png"
"水泡壳（蜕皮时的样子）","水","https://patchwiki.biligame.com/images/rocom/7/7e/nhzelum2u3gd76w8o9xrla5bswiof9c.png"
"锥尾羊","幽","https://patchwiki.biligame.com/images/rocom/0/0f/60476cbxhhf2rwhn4sqk6uk8c799g4a.png"
"铃兰羊","幽","https://patchwiki.biligame.com/images/rocom/b/bf/80ocgqu4zr88s8ir1pz3mbmxn1hhcmt.png"
"花影羚羊","幽/恶","https://patchwiki.biligame.com/images/rocom/b/bd/3m1p9c7qd5klj92xhz42pghjt5bb0c4.png"
"雪绒鸟（春天的样子）","翼","https://patchwiki.biligame.com/images/rocom/f/f8/iala5lfbudyxcyxbqha6nqgj0hus08b.png"
"雪绒鸟（夏天的样子）","翼","https://patchwiki.biligame.com/images/rocom/2/25/a69bzpu3lhxlqs97epu2txnm470smmr.png"
"雪绒鸟（秋天的样子）","翼","https://patchwiki.biligame.com/images/rocom/f/f3/k0e0ekcqg6kh02jdkp6i0wvc2z12liz.png"
"雪绒鸟","翼","https://patchwiki.biligame.com/images/rocom/1/1c/n7dh8n56ty0dxekm2d8wggqsh1e0ysr.png"
"冬羽雀","翼","https://patchwiki.biligame.com/images/rocom/b/bd/cotkz4s2l6hof0jjo412fg2q36mclgc.png"
"冬羽雀（春天的样子）","翼","https://patchwiki.biligame.com/images/rocom/f/f2/2xh5fuvc7gxfryv5narlp84uu5oofhp.png"
"冬羽雀（夏天的样子）","翼","https://patchwiki.biligame.com/images/rocom/9/97/htvv0y0ycrrv7tqnayzihsf4brmnze0.png"
"冬羽雀（秋天的样子）","翼","https://patchwiki.biligame.com/images/rocom/6/62/kmkac3d9pwrhdhzjdvurnxvxt7au4i1.png"
"岚鸟","翼","https://patchwiki.biligame.com/images/rocom/1/1a/5xuyo3ofwb0mkyyymemml760smoob0k.png"
"岚鸟（春天的样子）","翼","https://patchwiki.biligame.com/images/rocom/2/23/5ffsuxierd0snuqhbx5ewxf2xdeskwz.png"
"岚鸟（夏天的样子）","翼","https://patchwiki.biligame.com/images/rocom/5/53/plbddm43qial81no387iw9dm7yh2k34.png"
"岚鸟（秋天的样子）","翼","https://patchwiki.biligame.com/images/rocom/9/99/2z79wppqdwpt5k27vbigvo6e8unglcj.png"
"霜翼领主","翼","https://patchwiki.biligame.com/images/rocom/0/0f/kxotizvji5i40phgzioega8397t87kb.png"
"霜翼领主（春天的样子）","翼","https://patchwiki.biligame.com/images/rocom/0/0f/kxotizvji5i40phgzioega8397t87kb.png"
"霜翼领主（夏天的样子）","翼","https://patchwiki.biligame.com/images/rocom/0/0f/kxotizvji5i40phgzioega8397t87kb.png"
"霜翼领主（秋天的样子）","翼","https://patchwiki.biligame.com/images/rocom/0/0f/kxotizvji5i40phgzioega8397t87kb.png"
"小灵菇","幽","https://patchwiki.biligame.com/images/rocom/4/4d/2lt3qqtyxkue2u91fotilosua88bs8j.png"
"幻灵菇","幽/草","https://patchwiki.biligame.com/images/rocom/d/d3/5my8rnae5eg8h7bi5b1n8dxdbttguax.png"
"幻影灵菇","幽/草","https://patchwiki.biligame.com/images/rocom/9/98/elpucp8qs8y2zuecowz2jhtjxom4oy8.png"
"石肤蜥","地","https://patchwiki.biligame.com/images/rocom/5/54/l86kpkxjpuxm7jxttcodwe5vlwqf68r.png"
"石肤蜥（球球尾巴的样子）","地","https://patchwiki.biligame.com/images/rocom/0/0d/itmm1i2hm3vfyqjqzlu19m9o0ezpai0.png"
"石刺蜥","地","https://patchwiki.biligame.com/images/rocom/6/60/46ooanym87q4nh7ip8y2rbyp069btyc.png"
"石刺蜥（球球尾巴的样子）","地","https://patchwiki.biligame.com/images/rocom/5/59/sy2z0zfjcm5gldo0kzu1cuavk0antof.png"
"石冠王蜥","地","https://patchwiki.biligame.com/images/rocom/5/53/esnwkgw4bgxr7nya21trpzpwldhtqd2.png"
"石冠王蜥（球球尾巴的样子）","地","https://patchwiki.biligame.com/images/rocom/0/0c/9h0ea3mrftfvhalj57qnxg84shhs3rq.png"
"布是石","地","https://patchwiki.biligame.com/images/rocom/a/af/nib0wsojbqggcpxcdn09wkhfinioo20.png"
"布是岩","地","https://patchwiki.biligame.com/images/rocom/0/0d/kjvm9zhoghgvwi6272779ahullx835x.png"
"布克棱岩","地","https://patchwiki.biligame.com/images/rocom/3/34/7cvut7qf9nmvgwdo4xoveovmc69qc0s.png"
"迷嶂布莱克","地","https://patchwiki.biligame.com/images/rocom/6/6b/6th67g9urywyrqkbp3x7rsrhxbynqwc.png"
"恶魔叮","恶/翼","https://patchwiki.biligame.com/images/rocom/7/70/shd69h8ixuqirkh7sp1ujgbysszegl8.png"
"叮叮恶魔","恶/翼","https://patchwiki.biligame.com/images/rocom/2/2b/l0ny90tnwgb67rmzu09q90drztquq6w.png"
"毛毛","虫/萌","https://patchwiki.biligame.com/images/rocom/e/ea/6hdybi3o9ski2hu1915598mhvs1yo9r.png"
"爬爬","虫/萌","https://patchwiki.biligame.com/images/rocom/7/77/bcgw6o1yolvhai4xr9mfydpjr8uj6ef.png"
"化蝶（平常的样子）","虫/萌","https://patchwiki.biligame.com/images/rocom/c/c9/qfg8tdsl70pghybgqa2qprfa571ebj1.png"
"化蝶（幽冥眼的样子）","虫/萌","https://patchwiki.biligame.com/images/rocom/b/b7/mkcpsjmglf0ak7iluvmlq9wjq1l22kj.png"
"化蝶（喵喵的样子）","虫/萌","https://patchwiki.biligame.com/images/rocom/6/67/i5f8elsq5kdc3v02qut2hkcn2rl8qcm.png"
"化蝶（奇丽花的样子）","虫/萌","https://patchwiki.biligame.com/images/rocom/1/16/ashlcqzzd06y7bl1fkzxkhxkhbq6mpf.png"
"幽影树","幽/草","https://patchwiki.biligame.com/images/rocom/4/44/mp24kaxwof1fu2ogxv3i5q2gg6h5q7c.png"
"幻影荆棘","幽/草","https://patchwiki.biligame.com/images/rocom/e/e8/hjxj1y6odgo2eb5n8usjb6t8yd9566b.png"
"小鼠獭","普通/水","https://patchwiki.biligame.com/images/rocom/1/17/8ltfzlx2padg99pdl2c0qa9nm7luf2e.png"
"燕尾獭","普通/水","https://patchwiki.biligame.com/images/rocom/e/ed/fm00nbbayp0nd1ilxrqiatqwbeneqfn.png"
"卷胡巨獭","普通/水","https://patchwiki.biligame.com/images/rocom/9/91/qmfugu2e8dmdhmlffx0ywnz81njxcwe.png"
"矿晶虫","光/地","https://patchwiki.biligame.com/images/rocom/a/ad/odt6r8qenxh86x1hzrzxgvgnbntog98.png"
"晶石蜗（西瓜碧玺的样子）","光/地","https://patchwiki.biligame.com/images/rocom/b/ba/mcoa54wmmi4k89jr9tdp9s6gykze0nc.png"
"晶石蜗（莲花刚玉的样子）","光/地","https://patchwiki.biligame.com/images/rocom/b/be/e2ni78bsr45twcd0aloh55j0jzmaxlx.png"
"晶石蜗（星彩榴石的样子）","光/地","https://patchwiki.biligame.com/images/rocom/7/7e/4r0fp6dkzxf8bp08t0k70axpbiqkzwn.png"
"晶石蜗（火山琉璃的样子）","光/地","https://patchwiki.biligame.com/images/rocom/3/35/qluzjv3g31s7wpd3xl1ucsq5yzv2oao.png"
"晶石蜗（蓝锥矿的样子）","光/地","https://patchwiki.biligame.com/images/rocom/6/63/2tlvavxy9y4f7fickpsfa4n5fe2eujq.png"
"晶石蜗（烧蓝黄金的样子）","光/地","https://patchwiki.biligame.com/images/rocom/a/a8/ifqk7djn96yfs8om9soyqutialwis0v.png"
"钻石蜗（西瓜碧玺的样子）","光/地","https://patchwiki.biligame.com/images/rocom/f/f5/5d9j04pgl7bm8s22gyimca5auyvrqkk.png"
"钻石蜗（莲花刚玉的样子）","光/地","https://patchwiki.biligame.com/images/rocom/f/f5/5d9j04pgl7bm8s22gyimca5auyvrqkk.png"
"钻石蜗（星彩榴石的样子）","光/地","https://patchwiki.biligame.com/images/rocom/f/f5/5d9j04pgl7bm8s22gyimca5auyvrqkk.png"
"钻石蜗（火山琉璃的样子）","光/地","https://patchwiki.biligame.com/images/rocom/f/f5/5d9j04pgl7bm8s22gyimca5auyvrqkk.png"
"钻石蜗（蓝锥矿的样子）","光/地","https://patchwiki.biligame.com/images/rocom/f/f5/5d9j04pgl7bm8s22gyimca5auyvrqkk.png"
"钻石蜗（烧蓝黄金的样子）","光/地","https://patchwiki.biligame.com/images/rocom/f/f5/5d9j04pgl7bm8s22gyimca5auyvrqkk.png"
"奇丽草","草","https://patchwiki.biligame.com/images/rocom/5/58/a56lpb3ie1au81pcwt9hoap4nqshm5r.png"
"奇丽叶","草","https://patchwiki.biligame.com/images/rocom/a/a5/arj5joe5qfmjs8pu2cps2wyau6ahcoi.png"
"奇丽花","草","https://patchwiki.biligame.com/images/rocom/e/ea/kresdyardyhg8xbu014iqibrwrwjpuu.png"
"奇丽果","草","https://patchwiki.biligame.com/images/rocom/7/77/lnsh8ef0s1pba5ykmwzratw9ekazavt.png"
"丢丢（草地附近的样子）","草","https://patchwiki.biligame.com/images/rocom/7/7a/rcr83w8on3ey2a9hsnw1ju37xpxqrc1.png"
"丢丢（沙地附近的样子）","草/地","https://patchwiki.biligame.com/images/rocom/2/27/afdly522dnl8h7qvm7ctis5y4iaeobb.png"
"丢丢（雪山附近的样子）","草/冰","https://patchwiki.biligame.com/images/rocom/7/7d/mcpzhykts066t7u7k5lxmqxyylin7az.png"
"卡卡虫（草地附近的样子）","草","https://patchwiki.biligame.com/images/rocom/7/76/rdu49gfgqudrmthhedikd3ju6o0mood.png"
"卡卡虫（沙地附近的样子）","草/地","https://patchwiki.biligame.com/images/rocom/4/4a/eki4tyzcfgqe9xi2g8tw3c4gk1wp9lt.png"
"卡卡虫（雪山附近的样子）","草/冰","https://patchwiki.biligame.com/images/rocom/4/4c/ni1v1q48krv97vo4ybhae53ad0ddfmo.png"
"卡瓦重（草地附近的样子）","草","https://patchwiki.biligame.com/images/rocom/b/b5/3q4ei5a3dhp2597wgp6k5d3trqrro68.png"
"卡瓦重（沙地附近的样子）","草/地","https://patchwiki.biligame.com/images/rocom/3/33/f7dzmldzrwthrea6ups9cst6go62qw3.png"
"卡瓦重（雪山附近的样子）","草/冰","https://patchwiki.biligame.com/images/rocom/6/63/ofh28v5u54csj0myu91dzxy4abmenh1.png"
"护主犬","火","https://patchwiki.biligame.com/images/rocom/c/ca/p7090wn97ff4ovoan0i9sjtw7xrd0g7.png"
"音速犬","火","https://patchwiki.biligame.com/images/rocom/7/73/3zssl7y96fpoaegofrnddanr1xinsfk.png"
"风暴战犬","火","https://patchwiki.biligame.com/images/rocom/6/60/sv2cat3v9jai8hjrddhgmon117safut.png"
"绿耳松鼠","普通","https://patchwiki.biligame.com/images/rocom/d/dc/r1ey433lenu38c6xlq3b7o88lhtqbfj.png"
"抱枕松鼠","普通","https://patchwiki.biligame.com/images/rocom/c/c6/ohcnt8yccl9esuvq5ip0cezfqwcg5a6.png"
"蹦床松鼠","普通","https://patchwiki.biligame.com/images/rocom/b/bf/2z5wqt64z20lwv3r6xya4z3jfumn2hy.png"
"嘟嘟煲","毒","https://patchwiki.biligame.com/images/rocom/0/02/qclwssux834b7w7wvkicfx5r5kqi8aa.png"
"嘟嘟锅","毒","https://patchwiki.biligame.com/images/rocom/6/60/pjhuxhxk93d6gejhsblrjrtrqk840mw.png"
"小灵面","幽","https://patchwiki.biligame.com/images/rocom/c/c1/da1qrhuj3yn22c8fsy3oq1xvn9vgjhy.png"
"暗影灵面（睁眼的样子）","幽","https://patchwiki.biligame.com/images/rocom/f/f8/s09nfadyov67f1x95fov9exrvtk3e2f.png"
"暗影灵面（闭眼的样子）","幽","https://patchwiki.biligame.com/images/rocom/6/62/pnl3p96pkjihygnqle69szsmc31hes7.png"
"幽冥眼（睁眼的样子）","幽","https://patchwiki.biligame.com/images/rocom/9/9f/49hxwt9v9u8svrduxvtic8u1sr5jk2f.png"
"幽冥眼（闭眼的样子）","幽","https://patchwiki.biligame.com/images/rocom/a/a3/5ugb0dqag5i15m8d2evxce4brxnz4le.png"
"梦游（穿旧睡衣的样子）","幽","https://patchwiki.biligame.com/images/rocom/1/1b/ouuajtdlj5q37xnnezicl8lhy6wvrdo.png"
"梦悠悠（穿旧睡衣的样子）","幽","https://patchwiki.biligame.com/images/rocom/b/bc/jxto2tenemg9zkahb78ro0dm0dqs2f4.png"
"兽花蕾","光/草","https://patchwiki.biligame.com/images/rocom/b/b0/4da4uqvsogxetz8ryg6w5w844z6jtvr.png"
"伏地兽","普通","https://patchwiki.biligame.com/images/rocom/f/fe/56nx3tj159bukqmzt9tqon7u598mkvj.png"
"贪食鼹","普通","https://patchwiki.biligame.com/images/rocom/2/28/e8ohqxycusljz5jfx3cypxdve4e66vk.png"
"巨噬针鼹","普通","https://patchwiki.biligame.com/images/rocom/d/d7/dnzpbifg5rexisaikk4clo88jv3pqi3.png"
"蹦蹦种子（海神球形态）","草/毒","https://patchwiki.biligame.com/images/rocom/b/b6/j10k7a44f5iy18x0ffmh5dlbdu9lqc8.png"
"蹦蹦种子（彩玉球形态）","草/毒","https://patchwiki.biligame.com/images/rocom/0/03/ad5iwxxrvuv6dl297q8vctuqlx9jpqc.png"
"蹦蹦种子（短毛球形态）","草/毒","https://patchwiki.biligame.com/images/rocom/8/8c/ajeojyl2w9jbchahgacmygw4b3gj5se.png"
"蹦蹦种子（象牙球形态）","草/毒","https://patchwiki.biligame.com/images/rocom/f/fe/9n7z0xov2af7tua0dkkgrdhfj85xnjm.png"
"蹦蹦草（海神球形态）","草/毒","https://patchwiki.biligame.com/images/rocom/5/57/hhjy78stvqk22wdxveoj1hp9pwakaq5.png"
"蹦蹦草（彩玉球形态）","草/毒","https://patchwiki.biligame.com/images/rocom/7/74/25kfruuuq2bczrfy13lh9dzcm17bwy0.png"
"蹦蹦草（短毛球形态）","草/毒","https://patchwiki.biligame.com/images/rocom/f/f0/ppwirrauyowapo9f2rjy664s5h8ljzp.png"
"蹦蹦草（象牙球形态）","草/毒","https://patchwiki.biligame.com/images/rocom/d/dd/4o84258vnzt9aigvu1o282f6rqt1egi.png"
"蹦蹦花（海神球形态）","草/毒","https://patchwiki.biligame.com/images/rocom/f/fc/qx3uh1qc6urmjayk8zryifmjpvvyse5.png"
"蹦蹦花（彩玉球形态）","草/毒","https://patchwiki.biligame.com/images/rocom/1/1d/4lh1nuybf3uii4rm04i2mxwol9d8379.png"
"蹦蹦花（短毛球形态）","草/毒","https://patchwiki.biligame.com/images/rocom/6/6d/c2lvqkc69g5wyb9iuk2mjq7uhgatr1w.png"
"蹦蹦花（象牙球形态）","草/毒","https://patchwiki.biligame.com/images/rocom/6/6a/9020fxlcz2ceinir3vl9i1uijvk2adn.png"
"蹦蹦果（海神球形态）","草/毒","https://patchwiki.biligame.com/images/rocom/d/d2/pob6cheep0jkox1mwit377tmqhsfaqc.png"
"蹦蹦果（彩玉球形态）","草/毒","https://patchwiki.biligame.com/images/rocom/d/d2/pob6cheep0jkox1mwit377tmqhsfaqc.png"
"蹦蹦果（短毛球形态）","草/毒","https://patchwiki.biligame.com/images/rocom/d/d2/pob6cheep0jkox1mwit377tmqhsfaqc.png"
"蹦蹦果（象牙球形态）","草/毒","https://patchwiki.biligame.com/images/rocom/d/d2/pob6cheep0jkox1mwit377tmqhsfaqc.png"
"电咩咩","电","https://patchwiki.biligame.com/images/rocom/b/b8/38hvw91l01p4dsaz2e7zg3mkk1ypy82.png"
"粉咩咩","电","https://patchwiki.biligame.com/images/rocom/9/96/gcfctj8ow5hrtybdsohh7vpyi7piul3.png"
"电球咩咩","电","https://patchwiki.biligame.com/images/rocom/e/e4/9h411sj5m9qa30hfz8li7e3khrijgeg.png"
"蒲公英","草/萌","https://patchwiki.biligame.com/images/rocom/8/87/2gwl44j2min030cf9c4pjcq31h77o3u.png"
"蒲公英娃娃","草/萌","https://patchwiki.biligame.com/images/rocom/9/9c/5ze8yyuytkyt9oi5thzostzg932a5vc.png"
"伊贝儿","草","https://patchwiki.biligame.com/images/rocom/2/2b/nkh6zw4gn7uujd2sxbzd2so9w6wgmdg.png"
"伊贝粉粉","草","https://patchwiki.biligame.com/images/rocom/9/9c/dno8u91y68nj2trjtnvo2eswj6vwzqj.png"
"白发懒人","普通","https://patchwiki.biligame.com/images/rocom/7/77/pe8neh6hvvvkanqk8o630xe1nkrpr9x.png"
"动力猿","普通/武","https://patchwiki.biligame.com/images/rocom/4/46/fg2nh9ekyiz5z69aoxavtat6nyd8221.png"
"瞌睡王","普通/武","https://patchwiki.biligame.com/images/rocom/3/32/pzkhf8dhcjuj6vi9mflomxapvzz894v.png"
"海盔虫","水/毒","https://patchwiki.biligame.com/images/rocom/7/74/k1xrtaw9trebnthviohuao46gex9nbr.png"
"海盔虫（磨损的样子）","水/毒","https://patchwiki.biligame.com/images/rocom/6/6c/tciyytxpvowaxmq5ovcwgahwq1ndgiu.png"
"刺盔虫","水/毒","https://patchwiki.biligame.com/images/rocom/6/63/elmhi8hbg54kb64cdo2hevdslmcmnwf.png"
"刺盔虫（磨损的样子）","水/毒","https://patchwiki.biligame.com/images/rocom/5/59/cd9lvezthz8e1au8gkklyoxm67bicax.png"
"千棘盔","水/毒","https://patchwiki.biligame.com/images/rocom/7/70/4jj6f2sn5j3nie33npav7uxhka8ivo1.png"
"千棘盔（磨损的样子）","水/毒","https://patchwiki.biligame.com/images/rocom/1/1e/9gmaa98jw1z5m5s11ax3d5s7trt9bfj.png"
"千棘海针","水/毒","https://patchwiki.biligame.com/images/rocom/6/6c/c12nvd5tzkp8raye3qk3w7bkbujoet0.png"
"千棘海针（磨损的样子）","水/毒","https://patchwiki.biligame.com/images/rocom/6/6c/c12nvd5tzkp8raye3qk3w7bkbujoet0.png"
"菊花梨","萌","https://patchwiki.biligame.com/images/rocom/f/fd/697r7fp7b3q6g12nv17mq2aomz8wyr2.png"
"小星光（星光能量的样子）","电","https://patchwiki.biligame.com/images/rocom/c/c5/cmv45a9mr3n24ufjnpgzium228yhjlh.png"
"小星光（月光能量的样子）","电/光","https://patchwiki.biligame.com/images/rocom/3/39/gukp7qw18eoxzxcvh7pq89em1o3tyxl.png"
"星光狮（星光能量的样子）","电","https://patchwiki.biligame.com/images/rocom/9/92/rk8zid4pmr7hhvbdnmfcrhgy7wq9stg.png"
"星光狮（月光能量的样子）","电/光","https://patchwiki.biligame.com/images/rocom/0/0c/cu6yg2prew8rv2jt4ink5ga0ycds3sz.png"
"一窝蜂","虫/翼","https://patchwiki.biligame.com/images/rocom/4/45/j7ydlhxri66w30py9gggkb39v58eswk.png"
"黄蜂后","虫/翼","https://patchwiki.biligame.com/images/rocom/4/4e/50fxcf1wx8grecan20kilq54r2460dm.png"
"花魁蜂后","虫/翼","https://patchwiki.biligame.com/images/rocom/8/84/879joxc8dbfm4glra28n821kbbolkc9.png"
"女王蜂","虫/翼","https://patchwiki.biligame.com/images/rocom/6/61/dvtxy5v8dk7bfuduwx4bpb6eae5fdrn.png"
"小夜","恶","https://patchwiki.biligame.com/images/rocom/9/9c/six06mvlwqmffe55uxtfnkrhjw2xow7.png"
"紫夜","恶","https://patchwiki.biligame.com/images/rocom/5/53/6iwx7jqqn4iw790uf10wvmydr3s7uuw.png"
"朔夜伊芙","恶","https://patchwiki.biligame.com/images/rocom/2/24/rntyykpxn1l1lbc4ugl2zzlu5oj1bx4.png"
"乖乖鹄","翼/水","https://patchwiki.biligame.com/images/rocom/1/17/0v7shafr4mrb358cbpijl6itokux4ko.png"
"蓝珠天鹅","翼/水","https://patchwiki.biligame.com/images/rocom/f/fc/pba1fsn97a9jo1f1na7oddg4sege02h.png"
"翠顶夫人","翼/水","https://patchwiki.biligame.com/images/rocom/5/56/np2ygx3m3nxyen4nodh114n7qm5n4by.png"
"黑羽夫人","翼/恶","https://patchwiki.biligame.com/images/rocom/0/0b/dciqf2g4aqmr2zdoesjwr9den7182y0.png"
"锤头鹳","翼/水","https://patchwiki.biligame.com/images/rocom/0/06/fiyu1t7b4rztkgh8f00ewgyz34rxam4.png"
"绿草精灵","草/幻","https://patchwiki.biligame.com/images/rocom/6/63/if53hkrrpvwkryyf9p9uvsawlvuvgt3.png"
"魔草巫灵","草/幻","https://patchwiki.biligame.com/images/rocom/e/ef/jdt8fx3lb2rrkk5gwgs1tnxg1ckjh94.png"
"记忆石","地","https://patchwiki.biligame.com/images/rocom/0/02/7hzwzxm707lyp8nlufl4xm9ht8zhuo7.png"
"咔咔羽毛","翼/普通","https://patchwiki.biligame.com/images/rocom/b/b0/qzppadvfql1w2569uab6eb1516g3ude.png"
"咔咔雀","翼/普通","https://patchwiki.biligame.com/images/rocom/9/9f/2iofk5t54r3wyodkgjncqcx8w6tfcez.png"
"咔咔鸟","翼/普通","https://patchwiki.biligame.com/images/rocom/d/df/htbw3oog5scl1a04g0wnmci5oxz70w5.png"
"小草虫","虫/草","https://patchwiki.biligame.com/images/rocom/6/66/mln1z8fodt08k502sg65r85iun52aj2.png"
"草衣虫","虫/草","https://patchwiki.biligame.com/images/rocom/7/74/32eo2dh81m71u1ndbw7ltwwnmatiqba.png"
"花衣蝶","虫/草","https://patchwiki.biligame.com/images/rocom/b/b7/tixzqs58uswzrvb5xgrg0lbh8w3iyc2.png"
"绿翼鸟","萌/翼","https://patchwiki.biligame.com/images/rocom/9/9a/5q82wqhltm5g19lfhs4supyl72f0c45.png"
"魔翼鸟","萌/翼","https://patchwiki.biligame.com/images/rocom/3/38/sfoxpsilk7n8ipggmdqpmqirbmr1eb7.png"
"魔眷鸟","萌/翼","https://patchwiki.biligame.com/images/rocom/9/9d/86ingoumo5f3rv58260v3rpchqfeach.png"
"阿米亚特","地","https://patchwiki.biligame.com/images/rocom/0/0c/39aobydudzz3or732j2l8tpj6jbf9w6.png"
"阿米樱","地","https://patchwiki.biligame.com/images/rocom/d/d1/sk9xj40zpp58v6kvkdp7bsmto733ojs.png"
"罗隐","地/恶","https://patchwiki.biligame.com/images/rocom/7/7d/rl7pbmd2l834rum2ydfmvccmppplc4h.png"
"深渊罗隐","地/恶","https://patchwiki.biligame.com/images/rocom/2/23/2earnanpp0lgxvt6plkfr5qm2d5qc2h.png"
"风铃鲨","水/翼","https://patchwiki.biligame.com/images/rocom/1/14/mhi1jr0gyc1tf9u1txc7ona0eoxm884.png"
"蓝蝶鲨","水/翼","https://patchwiki.biligame.com/images/rocom/b/bf/e9ayrbe59rpfdtlub1dneqnul5cizhp.png"
"彩蝶鲨","水/翼","https://patchwiki.biligame.com/images/rocom/a/a3/88s1q5qt4a8scdw4yf9gqu9hfqr741j.png"
"神谕鲨（首领形态·第3阶段）","水/翼","https://patchwiki.biligame.com/images/rocom/e/e7/0cnm7xkq50q0bo3q5zuoow48v03dn21.png"
"石石","地","https://patchwiki.biligame.com/images/rocom/1/19/imnxcwr9e25tibdwpu1qsrctvvvnpw5.png"
"巨灵石","地/幽","https://patchwiki.biligame.com/images/rocom/5/56/9n22zxopurxb52re9aibsgu9ol5g9u3.png"
"仪使者","地/幻","https://patchwiki.biligame.com/images/rocom/4/42/s2kjxdnjh9cwa6xlxs8469ns7650l9w.png"
"仪式之星","地/幻","https://patchwiki.biligame.com/images/rocom/0/0e/jejif5s5derud4sq5av2filt4ryegr8.png"
"仪式巨像","地/幻","https://patchwiki.biligame.com/images/rocom/e/e2/fsyonnc5yruh4pvnvejdb673zcgajql.png"
"祭礼巨像","地/幻","https://patchwiki.biligame.com/images/rocom/1/1c/sobor11cm2407czen14zaybb5nlj19q.png"
"小独角兽","光","https://patchwiki.biligame.com/images/rocom/8/88/rylq338aqvrqnzxcxyw51elcbq2y4eo.png"
"白金独角兽","光","https://patchwiki.biligame.com/images/rocom/2/22/4hir5b9awrtty0qrquv2e9l183y4a4u.png"
"彩虹独角兽","光","https://patchwiki.biligame.com/images/rocom/1/19/02futi8m26y4y2ug5aphr1yz152jgig.png"
"旋叶虫（金黄的样子）","普通/虫","https://patchwiki.biligame.com/images/rocom/2/2c/0jtyv74wjkxa96zy336x469hstmmjyp.png"
"旋叶虫（枯叶的样子）","普通/虫","https://patchwiki.biligame.com/images/rocom/3/34/4yvnqhjk726hwgsqevgtmnbr35sc9bt.png"
"蓬叶虫（金黄的样子）","普通/虫","https://patchwiki.biligame.com/images/rocom/a/a2/06kxgqnp0c110mjtoyx4lgszhnmw7a6.png"
"蓬叶虫（枯叶的样子）","普通/虫","https://patchwiki.biligame.com/images/rocom/4/40/gqzxr34bbw8uz2xevc3fwg6mvvllf53.png"
"风滚暮虫（金黄的样子）","普通/虫","https://patchwiki.biligame.com/images/rocom/9/9a/ci17uu17g1weeaevc442zrx578epzit.png"
"风滚暮虫（枯叶的样子）","普通/虫","https://patchwiki.biligame.com/images/rocom/0/03/euosawzqxqsd9o3eonundx3fikd1qo2.png"
"小黑猫","普通","https://patchwiki.biligame.com/images/rocom/7/77/ehpqxykqf7109nopd25v5gisl9ke5jt.png"
"黑猫巫师","普通","https://patchwiki.biligame.com/images/rocom/c/cc/ep8cg026x7cs64a70btok859kudtey3.png"
"黑猫密探","普通","https://patchwiki.biligame.com/images/rocom/4/42/0g2677q4oxakjxcoq3g66jcnxhxvm94.png"
"忽幽狸","幽/毒","https://patchwiki.biligame.com/images/rocom/e/e8/ohqvft80ee3jq6s8zledplv3dqbevsy.png"
"影狸","幽/毒","https://patchwiki.biligame.com/images/rocom/e/e2/5fpdxcqae8nqtp2v7gdanood03tgilj.png"
"多多","毒/地","https://patchwiki.biligame.com/images/rocom/e/e8/2s6uepmtijrm1etsx4ya5i2lqjvuwwx.png"
"多啦多","毒/地","https://patchwiki.biligame.com/images/rocom/3/3d/e1r42tin4z91lz72om9ahk4u9t7g0z9.png"
"古啦多","毒/地","https://patchwiki.biligame.com/images/rocom/d/d4/5isucddgpzgvks4fngw4efns06eag8s.png"
"哭哭菇","幻","https://patchwiki.biligame.com/images/rocom/1/1a/aqsfcttcorv8wzctotgvveoujbckpms.png"
"怖须菇","幻","https://patchwiki.biligame.com/images/rocom/c/c5/9gpwp830x6ginmn95hdp0tebas2ys2j.png"
"怖哭菇","幻","https://patchwiki.biligame.com/images/rocom/6/62/1iwbhf57998ds3u3xdtsfzbuwjobegl.png"
"恶魔狼","恶","https://patchwiki.biligame.com/images/rocom/7/78/p10i55s8rn0r0lhip6ypmgcr2zrk9as.png"
"恶魔狼王","恶","https://patchwiki.biligame.com/images/rocom/6/61/nnjkkl0gws6ymqp5xx86vt93hbk67bn.png"
"小电企鹅","冰/电","https://patchwiki.biligame.com/images/rocom/7/73/8hj81poazwgqr50k7l2n08c5j0ckbn5.png"
"电企鹅","冰/电","https://patchwiki.biligame.com/images/rocom/1/14/0gnyyoo13efackhal3j9yrhzfv46wok.png"
"雪豆丁","冰","https://patchwiki.biligame.com/images/rocom/8/89/im4j3t8f4v5e1mavpw44q6mujpkvwy5.png"
"雪蛮人","冰","https://patchwiki.biligame.com/images/rocom/4/4a/jahyu6g3wganhb482n7ypr4io13e6me.png"
"雪巨人","冰","https://patchwiki.biligame.com/images/rocom/1/11/rg8g40izqvj3qn267d3s879mpezzmdd.png"
"呼呼猪","冰/地","https://patchwiki.biligame.com/images/rocom/3/34/fkot36fev3qk8wrl3cnioeyzsnnfy07.png"
"獠牙猪","冰/地","https://patchwiki.biligame.com/images/rocom/5/58/qh1f4774u5dniyjhwzsflznqwxxnmjj.png"
"雪娃娃","冰","https://patchwiki.biligame.com/images/rocom/0/07/6ocfl45xal5dgjm0p58120s6nmhuc13.png"
"冰封怨灵","冰","https://patchwiki.biligame.com/images/rocom/8/89/tvo5qcxcbr0a4depnrbebzd3gdmt316.png"
"雪灵","冰","https://patchwiki.biligame.com/images/rocom/5/59/dgwr8orpj0fvcvananycwa93scqme5p.png"
"大耳帽兜","冰/萌","https://patchwiki.biligame.com/images/rocom/c/c7/guy4b6z3uuwsko72hmcbrulojeb87uu.png"
"帽兜娃娃","冰/萌","https://patchwiki.biligame.com/images/rocom/9/98/qzj02vvv7bcznoinf5vlpupf5ayj2cf.png"
"雪影娃娃","冰/萌","https://patchwiki.biligame.com/images/rocom/4/4c/lmc3s1kouusumtbveogttnow6qh5z7d.png"
"雪影冰灵","冰/萌","https://patchwiki.biligame.com/images/rocom/1/10/n8v8t8x1qtnjbt9dfk9mas6mjtaqk3o.png"
"权杖-Ⅱ","机械","https://patchwiki.biligame.com/images/rocom/4/4a/0qdu41cbhfawxyuhfvk0km5vlj55229.png"
"权杖-V","机械","https://patchwiki.biligame.com/images/rocom/d/d1/pjx70tg82f4iy1xdqgl22yru2j9xi3s.png"
"灵狐","火/冰","https://patchwiki.biligame.com/images/rocom/a/a9/q8h0y0esk7db4ol4xasbisiw8w7bz92.png"
"九尾狐","火/冰","https://patchwiki.biligame.com/images/rocom/7/7a/6nwhb377rkrl6czvii6g6imaegvahfy.png"
"尖嘴狐仙","火/冰","https://patchwiki.biligame.com/images/rocom/6/61/bczx8wm0rabbb0l2k5at48t901ybutx.png"
"里奥","翼","https://patchwiki.biligame.com/images/rocom/6/6b/473hekgrpo62e6kuxru1a4g5oaax2ej.png"
"灵羽勇士","翼","https://patchwiki.biligame.com/images/rocom/4/48/8pcjz5bkbrq4fndmrtdes0d1mnw7e9y.png"
"圣羽翼王","翼","https://patchwiki.biligame.com/images/rocom/9/92/51n9y1umiezcgkw3erghq43nlanzw7w.png"
"松仔","草/武","https://patchwiki.biligame.com/images/rocom/6/66/7ozahbmzblchy4qz1cyo1i5u806jwdc.png"
"松叶羊","草/武","https://patchwiki.biligame.com/images/rocom/0/03/19maguu7bp77ewkcyfxjx0irulhx5he.png"
"针叶巡林","草/武","https://patchwiki.biligame.com/images/rocom/5/54/dmap75c8ljjxxifwba3dr50qcdnml15.png"
"小勇狮","火/武","https://patchwiki.biligame.com/images/rocom/d/d3/ro5sl3wjkkm8t5pwf7qdjlett7hnrky.png"
"炽焰狮","火/武","https://patchwiki.biligame.com/images/rocom/a/a5/52auh059hhkoav0vwje6osgtrqvind7.png"
"炽心勇狮","火/武","https://patchwiki.biligame.com/images/rocom/9/93/t2q3x2t5sg8ncy7ijyrsramvt1cgw2t.png"
"水滴蛇","水/武","https://patchwiki.biligame.com/images/rocom/2/24/c21r41bd7sfpr3m6uy3npl5ek4aij70.png"
"水蛇锁","水/武","https://patchwiki.biligame.com/images/rocom/e/ed/0qviky5i8r6oik5zfa5lpcz62v6ch7t.png"
"游蛇魔使","水/武","https://patchwiki.biligame.com/images/rocom/1/1b/prepa9bgfrvr034d9ou78u348tjlwbd.png"
"公平鸽","普通","https://patchwiki.biligame.com/images/rocom/d/d1/eupj85or6zwgfckuhf7asiq6x9l93h0.png"
"小怂猫","武","https://patchwiki.biligame.com/images/rocom/0/09/ch0ymrmlzjgdr60o4iljkq14qs3uqab.png"
"怒目怂猫","武","https://patchwiki.biligame.com/images/rocom/a/ab/qd5yuts8t0e0uqwo9h0b39pz36ou3i2.png"
"小狮鹫（崖间地的样子）","翼","https://patchwiki.biligame.com/images/rocom/0/01/7rnmeqhmntsn2w2lifoogdi5dvsmmog.png"
"小狮鹫（高山地的样子）","翼","https://patchwiki.biligame.com/images/rocom/0/09/8msnbt5ptmjpe7lqhqv758e1hz86ddq.png"
"神圣狮鹫（崖间地的样子）","翼","https://patchwiki.biligame.com/images/rocom/3/3c/hlzz2y5wj0r39cxrlfbey99vf7vksmq.png"
"神圣狮鹫（高山地的样子）","翼","https://patchwiki.biligame.com/images/rocom/2/20/9s18a4naf4f1fcvyrclfbubggojivdy.png"
"皇家狮鹫（崖间地的样子）","翼","https://patchwiki.biligame.com/images/rocom/5/56/rnsik0v8z4uwy43bq9qopw2oe28ndqz.png"
"皇家狮鹫（高山地的样子）","翼","https://patchwiki.biligame.com/images/rocom/a/ae/2bp8l82ebwmyp6uyhj5zfi9llyb2umd.png"
"圆眼蜘蛛","虫","https://patchwiki.biligame.com/images/rocom/5/5e/c0unw8u8xfxowsjjfeu8jsw74mqqzjh.png"
"尖角蜘蛛","虫/毒","https://patchwiki.biligame.com/images/rocom/e/e9/0uhqx4uzt3l08zrpfl8bt6nwl8ivh5o.png"
"芋香巨角蛛","虫/毒","https://patchwiki.biligame.com/images/rocom/8/88/2cdntp0f2reiawqy5sqem1gh43oahai.png"
"波波螺","地/水","https://patchwiki.biligame.com/images/rocom/4/44/gjf5wwk8z5x6i7md708u68hgpscyyqc.png"
"波波螺（被污染的样子）","地/水","https://patchwiki.biligame.com/images/rocom/4/4a/qvh22nwomqb9ph7b97r1a3dn7kqj6n6.png"
"消波螺","地/水","https://patchwiki.biligame.com/images/rocom/5/59/3ljlgfutjexxirt25szzksdno7k6rpp.png"
"消波螺（被污染的样子）","地/水","https://patchwiki.biligame.com/images/rocom/f/f5/mr9kftpbcncskrz4mvfv8iinos4x3aq.png"
"嗜波螺","地/水","https://patchwiki.biligame.com/images/rocom/c/c6/sqsb8zhpo4xyewr0unun446fdq1zkte.png"
"嗜波螺（被污染的样子）","地/水","https://patchwiki.biligame.com/images/rocom/c/c6/r66c4jvtxlnjlrhnn9gzccvafsiwxub.png"
"菇菇丁","地/草","https://patchwiki.biligame.com/images/rocom/1/1b/lgio8eolczpci0docabr12fz7gt416n.png"
"多菇丁","地/草","https://patchwiki.biligame.com/images/rocom/1/10/4xj1mx9tzd9pqpt5c82859g3mwl7sz9.png"
"九幽菇","地/草","https://patchwiki.biligame.com/images/rocom/a/a8/kr12vfsv9xljlvjetp17khbr6rq5i08.png"
"斑斑","翼","https://patchwiki.biligame.com/images/rocom/b/b7/8oe6ci1x37bwdyma3c0iqftbcogeh0m.png"
"斑枭","翼","https://patchwiki.biligame.com/images/rocom/0/0b/qjdup6hsilf24zxpyivab52fxiwzf49.png"
"草头鸭","草","https://patchwiki.biligame.com/images/rocom/f/f6/fz259dzvnfzrfkgzwew4ntl9t86lbkp.png"
"卷毛鸭","草/武","https://patchwiki.biligame.com/images/rocom/5/59/a1rjs1dm1ghp69kdydccmm3c82zb86b.png"
"海豹战士","武/水","https://patchwiki.biligame.com/images/rocom/1/12/7n29n7bzcrnfj5m80xjboyxu9ugdnur.png"
"海豹船长","武/水","https://patchwiki.biligame.com/images/rocom/1/1c/7mfqe88qjmk7twfu6xnmzqobz3nlpri.png"
"号儿鱼","水","https://patchwiki.biligame.com/images/rocom/3/35/t5u9kxcgb1ixghx0u2ghawx8z5ju9s3.png"
"圆号鱼","水","https://patchwiki.biligame.com/images/rocom/9/93/9e8lbset4t8hfqc2tjoij8x075y78l9.png"
"甜田螺","水/萌","https://patchwiki.biligame.com/images/rocom/4/41/nqtd1vfj4ov3bos7gt3bptb3jwuozrn.png"
"壳乙螺","水/萌","https://patchwiki.biligame.com/images/rocom/2/27/98rla9x7ksc3btt69iqxzgcymu1mpv9.png"
"卡洛儿","水/萌","https://patchwiki.biligame.com/images/rocom/c/cf/mjg82mgebk09ihzb5kurjecyp60aoj5.png"
"棋棋（白子）","武/地","https://patchwiki.biligame.com/images/rocom/6/60/2xpon1zoetbaadaex87r3faxk77dv5o.png"
"棋棋（黑子）","武/地","https://patchwiki.biligame.com/images/rocom/c/c1/pbptd6ok1tmglcr6rngx8b870vw3d9q.png"
"棋骑士（白子）","武/地","https://patchwiki.biligame.com/images/rocom/2/2f/qmykzcre829psvfs761ahibglxq8dx6.png"
"棋骑士（黑子）","武/地","https://patchwiki.biligame.com/images/rocom/5/51/ov9yp8vt1i0h83538ou3se782wgpq3d.png"
"棋契陛下（第1条）","武/地","https://patchwiki.biligame.com/images/rocom/9/9a/9iwy5xzs7f6j0putgp6b9rek6egd51x.png"
"棋契陛下（黑子）","武/地","https://patchwiki.biligame.com/images/rocom/9/9a/9iwy5xzs7f6j0putgp6b9rek6egd51x.png"
"棋齐垒（白子）","武/地","https://patchwiki.biligame.com/images/rocom/1/10/o0l58a78cyjm7f5m887pcmqfr72dvdn.png"
"棋齐垒（黑子）","武/地","https://patchwiki.biligame.com/images/rocom/c/c7/8yh0kcq7de7ik9c2xqv95p52sggqbji.png"
"棋契陛下（第2条）","武/地","https://patchwiki.biligame.com/images/rocom/9/9a/9iwy5xzs7f6j0putgp6b9rek6egd51x.png"
"棋祈督（白子）","武/地","https://patchwiki.biligame.com/images/rocom/7/7f/hnb97lbr5xx92t4lukk4nrv4awbdxdk.png"
"棋祈督（黑子）","武/地","https://patchwiki.biligame.com/images/rocom/9/97/qgz5weru02xj1hvnyxd37ti6s1h6j22.png"
"棋契陛下（第3条）","武/地","https://patchwiki.biligame.com/images/rocom/9/9a/9iwy5xzs7f6j0putgp6b9rek6egd51x.png"
"棋绮后（白子）","武/地","https://patchwiki.biligame.com/images/rocom/e/e2/h8yzpqtg2fqxeb6xihdizbt51ebnzkc.png"
"棋绮后（黑子）","武/地","https://patchwiki.biligame.com/images/rocom/c/c2/5z0no902h9vkvw8v5s9lxepk3xdub5t.png"
"棋契陛下（第4条）","武/地","https://patchwiki.biligame.com/images/rocom/9/9a/9iwy5xzs7f6j0putgp6b9rek6egd51x.png"
"奔波鼠","地","https://patchwiki.biligame.com/images/rocom/2/2c/2o5252ns9dv8775dvcse71gjh5d6a41.png"
"流浪鼠","地","https://patchwiki.biligame.com/images/rocom/a/a6/951zx99obkj75xz4oxwzs2k0rx7bu31.png"
"呆小路","草/萌","https://patchwiki.biligame.com/images/rocom/f/fb/b7prgptvi9w39j8uh7rgbz1c2ysr6xf.png"
"舞动路路","草/萌","https://patchwiki.biligame.com/images/rocom/a/a1/3hfr0ez50b6c85s1fwqd6r9lgkegs50.png"
"白发路路","草/萌","https://patchwiki.biligame.com/images/rocom/b/be/38gm002avvlpgs3gqfvj6aq064utoej.png"
"逗逗","萌","https://patchwiki.biligame.com/images/rocom/5/5f/52nlo8bixivsaj98mkx0lwz9pbnt9q4.png"
"气球猫","萌","https://patchwiki.biligame.com/images/rocom/b/b9/j4ibl9wquukrwd2gbzuuh9cuwj9856y.png"
"梦想三三","萌","https://patchwiki.biligame.com/images/rocom/3/34/dnug9zpyexzqu5bdkmyr6202nqq4s2y.png"
"奇梦咪","萌","https://patchwiki.biligame.com/images/rocom/e/ec/97tnhofts2kpem3b8rma442dobnjxrw.png"
"花怨鳗","地/草","https://patchwiki.biligame.com/images/rocom/9/94/gz0tu42452boryb2tccaxajec8kugx2.png"
"鳗尾兽","地/草","https://patchwiki.biligame.com/images/rocom/8/86/n04stqqfxsl9orggngpl8khtuw9ejy1.png"
"伊雷龙","龙","https://patchwiki.biligame.com/images/rocom/9/96/2vi6l4zkeygv3ow0lqzjixoxfg4gnxx.png"
"伊兰亚龙","龙","https://patchwiki.biligame.com/images/rocom/7/7a/a6a52k4gs9d8sv7fn8jl3rrvwnm5dku.png"
"伊兰龙","龙","https://patchwiki.biligame.com/images/rocom/e/e6/pswa2prbvq89bxk0cvveg5hn2v3otrk.png"
"拉特","电","https://patchwiki.biligame.com/images/rocom/e/e4/ph58jvwiaoc3xmncqt22pvjgn37irif.png"
"酷拉","电","https://patchwiki.biligame.com/images/rocom/d/d0/c454d79g1zz26le95n44a2dpgslodq2.png"
"闪电环","电","https://patchwiki.biligame.com/images/rocom/1/17/0owkyb7f8tvouj7utweswpek0jtvwgj.png"
"刺电环","电","https://patchwiki.biligame.com/images/rocom/f/f3/cw36nebyrzka9n38v5n6pbgb4nri6cq.png"
"荆棘电环","电","https://patchwiki.biligame.com/images/rocom/1/13/skne8oziw6piljlce1wovhh3j0f2j38.png"
"小箱怪","机械/幻","https://patchwiki.biligame.com/images/rocom/0/01/jqrcnpkj4dxgjm6n400bie7toorzwic.png"
"迷迷箱怪","机械/幻","https://patchwiki.biligame.com/images/rocom/0/00/o9y5cw7waygg5qqn4qlcwe2u6nbr46c.png"
"古钟蛇","萌/毒","https://patchwiki.biligame.com/images/rocom/1/16/n39gdh42r6e54q72yykwxcjh6ctnwvm.png"
"寒音蛇","萌/毒","https://patchwiki.biligame.com/images/rocom/0/09/fznd50brcwqircehflmjk2ddkh1o1lb.png"
"矮脚爬爬","虫","https://patchwiki.biligame.com/images/rocom/e/e0/5bqce6nwc9gwknpnywjv0unfx3l7beh.png"
"恶魔红钻","虫/恶","https://patchwiki.biligame.com/images/rocom/d/d3/oddysteeq5qo84pbhwndwpz6cdggfih.png"
"火尾瓦特","火","https://patchwiki.biligame.com/images/rocom/e/ea/g62yy9qjgkojq5ywwctvwq3i3sivwsr.png"
"火尾战士","火","https://patchwiki.biligame.com/images/rocom/5/5c/h7mmse5378l1raua4mgmo1ihvqgsj6t.png"
"烈火守护","火","https://patchwiki.biligame.com/images/rocom/3/36/s22bejah56f1ogsn7zx3tupuy564u7d.png"
"里拉鳐","水","https://patchwiki.biligame.com/images/rocom/f/f3/o1zrvywwsm2yjdiqu4j7ys1x4paody8.png"
"海枝枝（碧蓝珊瑚）","水/幽","https://patchwiki.biligame.com/images/rocom/c/c4/g3zqdvcaezkfejqxism3kz0u9o4hs5e.png"
"海枝枝（杏黄百合）","水/幽","https://patchwiki.biligame.com/images/rocom/f/fe/fq8v27vefxxdahf02zdi3l02s5o8pl9.png"
"海枝枝（洋红沙丁）","水/幽","https://patchwiki.biligame.com/images/rocom/0/06/rlrb3tixe7tofcq5zf6wjg4x6ujer8a.png"
"海枝枝（翠绿纶布）","水/幽","https://patchwiki.biligame.com/images/rocom/9/9f/lfbvgx2ad1rviv8r6meo9t79ybszm88.png"
"多西","机械/地","https://patchwiki.biligame.com/images/rocom/a/a4/13h9o30rpa9u5ajm5lm59blda1968lh.png"
"库多西","机械/地","https://patchwiki.biligame.com/images/rocom/f/fe/4vm1h7olow3oq2npbct37c64oxgr8xj.png"
"波多西","机械/地","https://patchwiki.biligame.com/images/rocom/b/b1/fxhd33cruv8mt7b6j1vyly63ts3aj7h.png"
"小翼龙","龙/翼","https://patchwiki.biligame.com/images/rocom/3/37/dtemeladdw6vk3il834phm52cp03y09.png"
"翼龙","龙/翼","https://patchwiki.biligame.com/images/rocom/b/b7/5w4k0mrsapw5q1m8l5k22gh5j0lkeqb.png"
"电动长颈鹿","电","https://patchwiki.biligame.com/images/rocom/0/05/srsfllvgs15xy3k65s0ybht1388orfe.png"
"奔乐鹿","电","https://patchwiki.biligame.com/images/rocom/2/21/ieqw30huiazso796471691yh68s7tcr.png"
"爵士鹿","电","https://patchwiki.biligame.com/images/rocom/d/de/4d9hf8lx9m0j1uzxfpm0sicmw9m7524.png"
"波普鹿","电","https://patchwiki.biligame.com/images/rocom/8/8c/9l5fxcvovnnxnxlze5p65lxy1ynw04c.png"
"缇塔","机械","https://patchwiki.biligame.com/images/rocom/8/87/o6qdcc0z5q3xnsvyz0a7xm3somd9efp.png"
"声波缇塔","机械","https://patchwiki.biligame.com/images/rocom/8/84/mlg0p9jdm1ty0vugb7ptxcge4r7lg2c.png"
"小鹬","翼","https://patchwiki.biligame.com/images/rocom/1/1b/iuf7tg850fiz59m1gr3pyd2khkj9z55.png"
"鄙目鹬","翼","https://patchwiki.biligame.com/images/rocom/c/c3/qsojdf7xi75j3nijynxzo9yngxdv0lv.png"
"高脚鹬","翼","https://patchwiki.biligame.com/images/rocom/8/8e/1jyqukw13p5y9pl2alvhl2hf98jxpj4.png"
"高帽鹬者","翼","https://patchwiki.biligame.com/images/rocom/c/cd/8hsbqxbz4x483xuy1bbg2kge4eoqhlo.png"
"脆筒甜甜","冰","https://patchwiki.biligame.com/images/rocom/1/18/40fulr4rhqag5d15y7te5kr48d16cf7.png"
"香草甜甜","冰","https://patchwiki.biligame.com/images/rocom/c/c7/ic6hh8vem1m8by0ftv3b6mot75i4ah9.png"
"香草甜甜（杨桃饰品）","冰","https://patchwiki.biligame.com/images/rocom/7/79/fec17hfwhw0nw4u171oqvysqp4906lx.png"
"香草甜甜（蓝莓饰品）","冰","https://patchwiki.biligame.com/images/rocom/4/46/h1bmm0hih9hcgaxrpsqf5960fnrki6k.png"
"圣代甜甜","冰","https://patchwiki.biligame.com/images/rocom/6/60/4z0z5b7r348vnp4io8v99ny7i71w4mj.png"
"圣代甜甜（樱桃草莓口味）","冰","https://patchwiki.biligame.com/images/rocom/6/61/37zkmvffih3pcac4u2t8n4slud20n85.png"
"圣代甜甜（樱桃抹茶口味）","冰","https://patchwiki.biligame.com/images/rocom/0/06/8ar4o3byzrvg0hokzi47xqckv5xosjh.png"
"圣代甜甜（蓝莓巧克力口味）","冰","https://patchwiki.biligame.com/images/rocom/d/db/hzho6mkqvlrjd47izzyt2m6ohqmmbag.png"
"圣代甜甜（蓝莓草莓口味）","冰","https://patchwiki.biligame.com/images/rocom/0/01/p1o2nukwnxkpraj2ojyehivy41tc6js.png"
"圣代甜甜（蓝莓抹茶口味）","冰","https://patchwiki.biligame.com/images/rocom/5/52/c2n3sizj3nnvc7vvat5oj83pkhx6vvk.png"
"圣代甜甜（杨桃巧克力口味）","冰","https://patchwiki.biligame.com/images/rocom/3/34/0fh2m3vyyemv6i6e5a1fz3bp5jvqmqk.png"
"圣代甜甜（杨桃草莓口味）","冰","https://patchwiki.biligame.com/images/rocom/1/14/60dyi56peyoub41cb8catrk8wkgsf5a.png"
"圣代甜甜（杨桃抹茶口味）","冰","https://patchwiki.biligame.com/images/rocom/f/f0/qwq0mjg57fhbc1ftedff5jut0g2bgu0.png"
"刺轮砣（上弦的样子）","毒/萌","https://patchwiki.biligame.com/images/rocom/2/28/tafsbc221qaehpjm98e2mn9la1nsfzi.png"
"刺轮砣（下弦的样子）","毒/萌","https://patchwiki.biligame.com/images/rocom/5/5a/n7yfduejizp1zoyz05jqardmdbc4kgp.png"
"月亮砣（上弦的样子）","毒/萌","https://patchwiki.biligame.com/images/rocom/f/f3/3h61gao59r5ip3u2xu5glut6a9uqc56.png"
"月亮砣（下弦的样子）","毒/萌","https://patchwiki.biligame.com/images/rocom/e/e7/re0sjuqn9uis4jtrf77logv48c96zt1.png"
"豆丁鱼","水/龙","https://patchwiki.biligame.com/images/rocom/1/1d/5irnlmgv0lohvpm6uk2jq0kzh7o1313.png"
"快鳍鱼","水/龙","https://patchwiki.biligame.com/images/rocom/2/22/styohtlkc3dbbx0w42tt3ctvjgnnp83.png"
"龙鱼","水/龙","https://patchwiki.biligame.com/images/rocom/f/f3/qgqfzdxms6u3id2i61yqjzioe7uyhw2.png"
"胆小鳗鱼","电/水","https://patchwiki.biligame.com/images/rocom/7/7c/bp31m0d78o6ba38pm9ko9tjb4vwdy1c.png"
"闪电鳗鱼","电/水","https://patchwiki.biligame.com/images/rocom/6/65/eoiqqpkvwdi91bbub4st2b5magq4v3o.png"
"翡翠水母","水/毒","https://patchwiki.biligame.com/images/rocom/9/98/ppe62mp1jvipgpa2k3uxi9g18n6xnrt.png"
"琉璃水母","水/毒","https://patchwiki.biligame.com/images/rocom/8/81/18y8vc5tol91u3wm7q7wriisbz4qpsd.png"
"裘洛","毒","https://patchwiki.biligame.com/images/rocom/7/7b/2nyxumq5g2tq6w5lu9mqkgq72mq3mvf.png"
"裘力","毒","https://patchwiki.biligame.com/images/rocom/c/c3/kopmsg8qplpu6rjxvz4nu58ymb00dok.png"
"裘卡","毒","https://patchwiki.biligame.com/images/rocom/b/b6/5d4qtzm0zqoypfemnwuj5lxc9n3djcu.png"
"可爱猿","火","https://patchwiki.biligame.com/images/rocom/5/51/oy81pmjg4jrvciy8vikb8offpv3nzhq.png"
"炽热猿","火","https://patchwiki.biligame.com/images/rocom/f/f5/fvjtrkpxcjmz72g5ie2v1qbjdptbrjz.png"
"火焰猿","火","https://patchwiki.biligame.com/images/rocom/5/54/spj04n35kcczdec5rnysmqgfjemdtj6.png"
"布鲁斯","冰","https://patchwiki.biligame.com/images/rocom/0/07/hz32q2xy67yxtnw033n6q7tlaj3r4bb.png"
"雪顶布鲁斯","冰","https://patchwiki.biligame.com/images/rocom/3/3d/3t70sxdtb90dbjqvv87fvfqqp3u98p8.png"
"冰钻布鲁斯","冰","https://patchwiki.biligame.com/images/rocom/2/2b/njf9sva5yxojek179dsjwougrpufffw.png"
"治愈兔","火/萌","https://patchwiki.biligame.com/images/rocom/f/f1/kq3d9z5ckbys98cxcmvda4ef30upuc7.png"
"红丝绒","火/萌","https://patchwiki.biligame.com/images/rocom/8/82/73psp26mdkr9dbbt0oy41d09s55wpam.png"
"红绒十字","火/萌","https://patchwiki.biligame.com/images/rocom/0/08/0jzjzpcnhywrhp8goywwvx2zhze5i5r.png"
"乌达（极昼的样子）","恶/火","https://patchwiki.biligame.com/images/rocom/9/9b/1leol8tgbv6wfiwx097ediw1c2759hw.png"
"乌达（极夜的样子）","恶/冰","https://patchwiki.biligame.com/images/rocom/2/23/eio05kggn8yulvlvqcfivag559snju5.png"
"迷你乌（极昼的样子）","恶/火","https://patchwiki.biligame.com/images/rocom/0/00/qyzk4ihscika1xugsf2gggabqeu04hr.png"
"迷你乌（极夜的样子）","恶/冰","https://patchwiki.biligame.com/images/rocom/4/44/exi84np0xcv0dlm3j4r17ale95fkfs2.png"
"乌拉塔（极昼的样子）","恶/火","https://patchwiki.biligame.com/images/rocom/8/8f/m5dkm7pbe1ucos1guqhk190rm2tc9e8.png"
"乌拉塔（极夜的样子）","恶/冰","https://patchwiki.biligame.com/images/rocom/2/28/n391mbwszvjfy7q5jzldghrsht1ihch.png"
"螺旋帕帕","机械/翼","https://patchwiki.biligame.com/images/rocom/c/c3/5ufnm1iwuzgtaib31jpjmpbwsemv0u5.png"
"帕帕斯卡","机械/翼","https://patchwiki.biligame.com/images/rocom/2/22/iepvvjwm1gizwkg8ggx08r8apo30eu9.png"
"机械方方","机械","https://patchwiki.biligame.com/images/rocom/8/87/4kscrz4nb2jgczo5cjfbrfuk3acgobl.png"
"多彩方方","机械","https://patchwiki.biligame.com/images/rocom/7/7f/tfpu0p7um1rej0ve72o0tq2f990mtg5.png"
"立方人","机械","https://patchwiki.biligame.com/images/rocom/2/25/brox1l5cj1v1286s313jooeswqcpm95.png"
"可立鸡","火","https://patchwiki.biligame.com/images/rocom/8/8f/es1fidhdn775evke030wdrk15dnltrg.png"
"晕晕鸡","火","https://patchwiki.biligame.com/images/rocom/9/9b/gpb1n1n689sea7cu4sv1tz8k72tdthp.png"
"绅士鸡","火/武","https://patchwiki.biligame.com/images/rocom/7/7b/g34k0n05zw02op7dyckttb05g8txeba.png"
"武者鸡","火/武","https://patchwiki.biligame.com/images/rocom/f/f0/laljotowuigs1fvm7vuidw3qe5qt1km.png"
"优优","地/光","https://patchwiki.biligame.com/images/rocom/d/dd/9u8lntgvzxnd0ch62qffnkx56phs4im.png"
"绒光优优","地/光","https://patchwiki.biligame.com/images/rocom/3/38/fgrp99uzotyfd9qljxsu9krd8kyvvci.png"
"噼啪鸟","电/翼","https://patchwiki.biligame.com/images/rocom/9/99/f0oyr9vbf97ff1uebakb1yztfkajhe1.png"
"深蓝鲸","水","https://patchwiki.biligame.com/images/rocom/8/8e/hp82bybxz5f699gkdqb2bcr8apnd31v.png"
"格兰种子","草","https://patchwiki.biligame.com/images/rocom/1/11/tbfzghifkegriklpp51cx95scwzannt.png"
"格兰花","草","https://patchwiki.biligame.com/images/rocom/5/5e/m5qf1blu3qoyk6sq7wlii3w0mxwz1pu.png"
"格兰球","草","https://patchwiki.biligame.com/images/rocom/f/f9/afqcy6z9p9todf6ufb9d95t148pa22c.png"
"地鼠（枯水期的样子）","地","https://patchwiki.biligame.com/images/rocom/b/b4/idyb58forcmd0yzckcc4j6rdmk36zpq.png"
"地鼠（储水时的样子）","地","https://patchwiki.biligame.com/images/rocom/b/b1/dxn3qrp349n305y0qnhc8glzaswtl1h.png"
"遁鼠（枯水期的样子）","地","https://patchwiki.biligame.com/images/rocom/b/ba/dfww1rsfrj64x7l1etve2rzksjgwxzk.png"
"遁鼠（储水时的样子）","地","https://patchwiki.biligame.com/images/rocom/0/09/l9i7iqs9nmzc93i5an8ig1pq3qvy8q9.png"
"遁地鼠（枯水期的样子）","地","https://patchwiki.biligame.com/images/rocom/7/78/7v0gek5nbyae4bpzt5by7klm2270dnu.png"
"遁地鼠（储水时的样子）","地","https://patchwiki.biligame.com/images/rocom/c/cc/14oi299x97orfeuyhw89xi3alz7o94v.png"
"墨鱿士","幽","https://patchwiki.biligame.com/images/rocom/9/94/g0dtv7sgbhro3ivaxdoiw6g3kcmkuh4.png"
"混乱鱿彩","幽/恶","https://patchwiki.biligame.com/images/rocom/d/d5/obuq2ozam55ftz34i5x14c325xigiy1.png"
"秩序鱿墨","幽/萌","https://patchwiki.biligame.com/images/rocom/2/26/gg84heqhpq5jx94h6mq4lq0vmqqhqb9.png"
"小甲虫","虫","https://patchwiki.biligame.com/images/rocom/4/40/30gmhnbaoky9ba8l645vihk1ohm6csn.png"
"铠甲虫","虫","https://patchwiki.biligame.com/images/rocom/6/6e/2yivvbnbi38bgbn910ppff5fp92qs1b.png"
"圣剑侍从","机械","https://patchwiki.biligame.com/images/rocom/e/ed/e3d4b2qak4xvyegdksbrwz6gce9u8vv.png"
"圣剑-X","机械","https://patchwiki.biligame.com/images/rocom/c/c1/iwxxqa5h58xiy2k894tcitg478nro74.png"
"圣剑骑士","机械","https://patchwiki.biligame.com/images/rocom/9/96/kot7a5zer39bvlj7o5okzt9mor1npsc.png"
"吸泥鸥","地/翼","https://patchwiki.biligame.com/images/rocom/c/cb/ihc9ecz6ggpm1ozp2fnj41r0ooyyzq5.png"
"泥吼牙","地/翼","https://patchwiki.biligame.com/images/rocom/9/97/50kuzamtt3zkqecr32yq7nx1gu28b7k.png"
"大头骨龙","龙/幽","https://patchwiki.biligame.com/images/rocom/8/83/nm3clnzg0dp9cn0xooyos3di9c5oooc.png"
"寂灭骨龙","龙/幽","https://patchwiki.biligame.com/images/rocom/e/e3/14nkp7fehhforv5re65sl17yxzf8xoz.png"
"厉毒小萝","毒/恶","https://patchwiki.biligame.com/images/rocom/0/01/0a7l5gf4dt34yb437v9vhfj2yych2hw.png"
"厉毒修萝","毒/恶","https://patchwiki.biligame.com/images/rocom/6/65/6a8jljj2pvrhka793ssfj1l5y5rl7vp.png"
"小帕尔","恶","https://patchwiki.biligame.com/images/rocom/c/cd/0xc3k3apjik5v9rhhbim1m0rxix5g2q.png"
"帕尔萨斯","恶","https://patchwiki.biligame.com/images/rocom/8/8d/sgyp08hz4hsxxzc0fsp6956nx2f3p9f.png"
"龙息帕尔","恶","https://patchwiki.biligame.com/images/rocom/e/eb/999r2wd7cpiay4ex9q8okam4ut8s3x0.png"
"毛头小蛛","虫/地","https://patchwiki.biligame.com/images/rocom/f/ff/k2ydaj5j591pqslupxwidfza3bs10ca.png"
"捕尘长绒","虫/地","https://patchwiki.biligame.com/images/rocom/3/3f/fz2lq1r86x5nr99pq8zhizp28orstb9.png"
"食尘短绒","虫/地","https://patchwiki.biligame.com/images/rocom/4/4b/1z7pdj3l5590o07dyssax7cln3xhyer.png"
"画精灵","普通","https://patchwiki.biligame.com/images/rocom/b/b9/lsbeh4rdkzmwljzgxl4us34eawhlnfk.png"
"画像守护","普通","https://patchwiki.biligame.com/images/rocom/f/f2/86rhmjb3bkoet2d0ogxjr9vz6m83ho7.png"
"画间法师手","普通/幻","https://patchwiki.biligame.com/images/rocom/c/ce/4kdtoy9bg47lszacgv1gzkhpornpxjf.png"
"画间沉铁兽","普通/武","https://patchwiki.biligame.com/images/rocom/f/f9/9nfnpzudto57huqq74lsbk8a04o2yge.png"
"书魔虫","普通","https://patchwiki.biligame.com/images/rocom/f/f4/kc5kkmjsa28ub8terlfbsx8cna7rdou.png"
"书卷守护","普通","https://patchwiki.biligame.com/images/rocom/f/f7/n58ft0m3p5wm4b7fqv1zvid4lhh3tx9.png"
"古卷执政官","普通/幻","https://patchwiki.biligame.com/images/rocom/d/d6/6yx04bgvff6a4s4d8fur4d31uq706xz.png"
"古卷匣魔像","普通/武","https://patchwiki.biligame.com/images/rocom/2/2e/abjxiwun45jkhbrmujb4e3ez5r1qe5r.png"
"绒绒","光/虫","https://patchwiki.biligame.com/images/rocom/9/9c/9mja1p219mnssq57a2dtk71pt8rt7rt.png"
"小绒茧","光/虫","https://patchwiki.biligame.com/images/rocom/c/cb/tafd8u4v1eepdbcjx6e9s2ctr2d3mp5.png"
"绒仙子","光/虫","https://patchwiki.biligame.com/images/rocom/4/47/1iaa827mu30fplchhc33rtm3wbzwouh.png"
"犀角鸟","光","https://patchwiki.biligame.com/images/rocom/8/85/67mwc26q5u5lvy4133f2f5x4zj6wqao.png"
"光纤兽","光","https://patchwiki.biligame.com/images/rocom/c/c6/5rsgglr6be6gvdr90g66bqc0nhiiney.png"
"疾光千兽","光","https://patchwiki.biligame.com/images/rocom/6/6b/ibku66gfuw4vol7j0e0segdobxh7m2g.png"
"果冻","水","https://patchwiki.biligame.com/images/rocom/0/0b/d0nryyfw80ajhbg8bar9yrxs58dxuj9.png"
"抹茶布丁","水/草","https://patchwiki.biligame.com/images/rocom/4/4a/dvopyimbampmh8tlpkeqxi1dnkfehks.png"
"椰浆布丁","水/冰","https://patchwiki.biligame.com/images/rocom/b/b9/f3l4hz6rjh4qnffuwuafpfc21iszmcb.png"
"熔岩布丁","水/火","https://patchwiki.biligame.com/images/rocom/5/56/8807uj2es5yglgl22j9p58f156f5p9f.png"
"星尘虫","虫","https://patchwiki.biligame.com/images/rocom/e/eb/3bgae8brib2vmkq8r7wvi92w89olnpc.png"
"落星虫","虫","https://patchwiki.biligame.com/images/rocom/8/88/601qdkki9axlhxj4wp1ay0q75vrvgjc.png"
"陨星虫","虫","https://patchwiki.biligame.com/images/rocom/5/50/n64ynwwroymmg9uj8bke5hil4iyr4ww.png"
"双灯鱼","水/电","https://patchwiki.biligame.com/images/rocom/3/3d/nfrrbzii0ast1enxgn06utdctbjsc7d.png"
"利灯鱼","水/电","https://patchwiki.biligame.com/images/rocom/8/80/jnp3ro1dfixnyjpl403x5qoi089ctfe.png"
"月牙雪熊","冰/幻","https://patchwiki.biligame.com/images/rocom/f/fc/7qu2ylu57menspxgap05ybaea3x9qu3.png"
"嗜光嗡嗡","恶/光","https://patchwiki.biligame.com/images/rocom/9/97/gjiz6pd6wn6ppipssrs2r1frwc0p5er.png"
"窃光蚊","恶/光","https://patchwiki.biligame.com/images/rocom/9/97/17nq5jdsy66ffiuu3ojn6ibssja22us.png"
"柴渣虫","火/草","https://patchwiki.biligame.com/images/rocom/4/44/dclg9q7qth7w4juans6riykjunrg3bs.png"
"燃薪虫","火/草","https://patchwiki.biligame.com/images/rocom/8/8c/huryngwtucwp0is6u3ks6w5n2t49erl.png"
"空空颅","幽","https://patchwiki.biligame.com/images/rocom/3/33/br7ofyqfe7dgn4pkylg0111fsp15x4o.png"
"夜宿颅","幽","https://patchwiki.biligame.com/images/rocom/8/86/ltbubsd2xs126xcsbnz209ulma36g2d.png"
"夜枭","幽","https://patchwiki.biligame.com/images/rocom/f/ff/f0tb5yfrc0iqj0i1mrr8zdoyup7f0xb.png"
"粉粉星","电/幻","https://patchwiki.biligame.com/images/rocom/6/6f/jt3bnpb0w0kwbw7uf8j31bqts0xkwd9.png"
"小皮球","电/幻","https://patchwiki.biligame.com/images/rocom/a/a5/47tcv35wtsfmzewww5jowafm8lghypg.png"
"贝瑟","机械/火","https://patchwiki.biligame.com/images/rocom/8/88/5z7dakjx9tpkv89kdj5m7t0oqcumiyq.png"
"贝加尔","机械/火","https://patchwiki.biligame.com/images/rocom/a/a9/luksuyzr5ol2gs2gb5pd8zeocktmbcn.png"
"贝古斯","机械/火","https://patchwiki.biligame.com/images/rocom/9/9b/34olxkzmrgwepvxdwmywqi3xqgqq1jd.png"
"粉星仔","幻","https://patchwiki.biligame.com/images/rocom/0/00/6l1qwscvbtsvxqvlm38so74te4gsmx7.png"
"粉耳星兔","幻","https://patchwiki.biligame.com/images/rocom/5/55/083mrtvn6hk0iyimlzhrui7ftvlq1da.png"
"落陨星兔（信使精灵）","幻/幽","https://patchwiki.biligame.com/images/rocom/7/7b/fdrx39ffqturb8qly1xdxpbf41kjz1o.png"
"布瓜蝌","幻","https://patchwiki.biligame.com/images/rocom/5/5c/o1xtaz3emyunvh8w77yynj3ngzlvill.png"
"上岸蛙","幻","https://patchwiki.biligame.com/images/rocom/d/d9/nmllzdht4fqoiwtsdm5scxbdkztbzvc.png"
"火红尾","火","https://patchwiki.biligame.com/images/rocom/9/9e/5itjjjg9mdxadecyksxjokti937x1ve.png"
"雅丹鬃","火","https://patchwiki.biligame.com/images/rocom/c/c1/9d6kmaaupvyv0kgv34ir4cwor345shz.png"
"春团","草","https://patchwiki.biligame.com/images/rocom/9/9e/lw9t8j8x7k1fq8wy7fhydglb8pn5529.png"
"春兔","草","https://patchwiki.biligame.com/images/rocom/6/62/mx7d3gilg5p3cy4t25so0uwo6thx68p.png"
"春花兔","草","https://patchwiki.biligame.com/images/rocom/2/27/jojwwmwoh6h5hoilugb2diniuh6qto7.png"
"幽星光","幻","https://patchwiki.biligame.com/images/rocom/2/2e/5d1t07baxojkscdkklli5t4bt5kvaf2.png"
"曜星光","幻/翼","https://patchwiki.biligame.com/images/rocom/4/44/elndsuc6jfpfmgba4kmrnfm35qzjok3.png"
"暮星辰","幻/翼","https://patchwiki.biligame.com/images/rocom/7/7a/i5wuwcjokrat3ebcyr5iozgrc520a68.png"
"钨丝贝贝","机械","https://patchwiki.biligame.com/images/rocom/7/78/gp8xzlsmnd4kx5nks0yi3sw4hon6q9k.png"
"辉光幕机","机械","https://patchwiki.biligame.com/images/rocom/d/da/jbv5cc2h6bfiqmsoh9yxo5d4iz4ecgj.png"
"机幕方舟","机械","https://patchwiki.biligame.com/images/rocom/6/69/ov6moz91u8h9ho0ychet285437cqyhv.png"
"凡雀","翼","https://patchwiki.biligame.com/images/rocom/8/88/aczst6ix1gu1d2klovs00clj2cjd2kj.png"
"紫翎鹰","翼","https://patchwiki.biligame.com/images/rocom/b/b5/4jf9ln9ym1yl7xwfs2ktmmvfibodaua.png"
"凡鹰","翼","https://patchwiki.biligame.com/images/rocom/5/5c/9b098u73qzosr3kjqsl04dqq6kuka0w.png"
"小雪人","冰","https://patchwiki.biligame.com/images/rocom/0/08/0b6rmkrozbqndb2jgqyz92ackydb4bo.png"
"雪怪","冰","https://patchwiki.biligame.com/images/rocom/1/19/9v3gml9f3xxomxgcetq79tiqcixcxvk.png"
"爆焰仔","火/龙","https://patchwiki.biligame.com/images/rocom/7/78/nta47erm1ygjcb30zig65u5ma1ljef4.png"
"爆焰喷喷","火/龙","https://patchwiki.biligame.com/images/rocom/d/dc/8sicyxby9nfic3mfe1eeen3n5xn8dt7.png"
"猴麦仔","普通/机械","https://patchwiki.biligame.com/images/rocom/f/f2/71n9d075ylrp7mwyr15qp726a2qnhvp.png"
"音碟吼","普通/机械","https://patchwiki.biligame.com/images/rocom/c/cc/6stibupyxijjjuwznv9cl8bc1bmwwoq.png"
"加油海葵","水/萌","https://patchwiki.biligame.com/images/rocom/0/01/cs48upl19rn5j7c9spxzugh74fd00re.png"
"加油蟹","水/萌","https://patchwiki.biligame.com/images/rocom/1/15/pjlq6c3hrgcr4refte5mgakqqtazkuv.png"
"加油蟹（单只海葵的样子）","水/萌","https://patchwiki.biligame.com/images/rocom/f/ff/9ke0gp2835gtvrksw3i9g900nnem4tp.png"
"小丑豆豆","恶","https://patchwiki.biligame.com/images/rocom/c/cf/lmhuergeuwapg2e1a4ovul695x2cofa.png"
"小丑兔","恶","https://patchwiki.biligame.com/images/rocom/b/b5/mj2f2r1geuzizz7qfojmetatfrzfief.png"
"小丑公爵","恶","https://patchwiki.biligame.com/images/rocom/6/66/5mk185whhllolc2pthfhzccdv6c0zb5.png"
"烟花团","火/毒","https://patchwiki.biligame.com/images/rocom/d/d3/32945jxwupx5phy086vr80jjzq3h4e2.png"
"烟花伯爵","火/毒","https://patchwiki.biligame.com/images/rocom/a/ab/pfobrtc09a05nv32ebmha99b5rt05nz.png"
"咕咕帽","幽","https://patchwiki.biligame.com/images/rocom/f/f1/lo2idt09h9u2g6qch33yhb6wcbzqizu.png"
"咕德帽帽","幽","https://patchwiki.biligame.com/images/rocom/f/f0/h7he0vb9urzipljkk3sv78q084anrmp.png"
"炫光迪迪","电/光","https://patchwiki.biligame.com/images/rocom/f/f8/3w3c8w1f78mu474m14hzh10t4qum4b2.png"
"霹雳迪迪","电/光","https://patchwiki.biligame.com/images/rocom/0/01/jzsn9knm8ysgwdzsqc11cpfhw73ehyw.png"
"小鼓象","机械","https://patchwiki.biligame.com/images/rocom/c/ca/p2aqq5eo3i8dr9027hw0b275iiey6te.png"
"巨鼓象","机械","https://patchwiki.biligame.com/images/rocom/b/b7/9ogz91a3td3ezs7sp0qzsvxubbbpwgo.png"
"牵线木偶","幻","https://patchwiki.biligame.com/images/rocom/2/24/2fyw4qbvsp7fmpr16hb8g9a2ab5i75i.png"
"帅帅魔偶","幻","https://patchwiki.biligame.com/images/rocom/f/f8/4z0qov0tcz3oysxndia71bzide9qv3t.png"
"学院呱呱","武","https://patchwiki.biligame.com/images/rocom/e/ed/bz09h3dbir06hbddrcvvjhnkqv9jqui.png"